[
    {
        "review_id": 0,
        "account_id": 0,
        "resto_id": 2,
        "rating": 5,
        "review": "the birria was insane, honestly!",
        "isAlive": true
    },



    {
        "review_id": 1,
        "account_id": 1,
        "resto_id": 2,
        "rating": 5,
        "review": "Dynamic Review actually works?",
        "isAlive": true
    },

    {
        "review_id": 2,
        "account_id": 1,
        "resto_id": 2,
        "rating": 5,
        "review": "Will?",
        "isAlive": true
    },
    {
        "review_id": 3,
        "account_id": 1,
        "resto_id": 2,
        "rating": 5,
        "review": "This?",
        "isAlive": true
    },
    {
        "review_id": 4,
        "account_id": 1,
        "resto_id": 2,
        "rating": 5,
        "review": "Scroll?",
        "isAlive": true
    }
]